DATE,TIME,HOME TEAM,AWAY TEAM,HOME PER,DRAW PER,AWAY PER,UNDER 2.5,OVER 2.5,BTS,OTS,NAME,1X PER,12 PER,X2 PER,OVER 1.5
24/07/2026,0:00,Brasil de Pelotas,Gramadense,31,40,29,67,33,43,57,Forebet,71.0,60.0,69.0,58
24/07/2026,0:30,Cuiabá,Atlético GO,22,57,21,59,41,31,69,Forebet,79.0,43.0,78.0,46
24/07/2026,1:00,CS Emelec,Mushuc Runa,45,34,21,46,54,53,47,Forebet,79.0,66.0,55.0,68
24/07/2026,1:00,CD Walter Ferretti,Diriangén FC,21,43,35,60,40,64,36,Forebet,64.0,56.0,78.0,79
24/07/2026,1:30,Botafogo SP,Juventude,22,34,44,68,32,36,64,Forebet,56.0,66.0,78.0,51
24/07/2026,1:30,Boca Juniors,O Higgins,54,29,17,58,42,46,54,Forebet,83.0,71.0,46.0,61
24/07/2026,1:30,Ind Santa Fe,Caracas,60,22,18,56,44,47,53,Forebet,82.0,78.0,40.0,62
24/07/2026,1:45,Defensa y Justicia,CA Aldosivi,34,47,19,73,27,27,73,Forebet,81.0,53.0,66.0,42
24/07/2026,3:00,CS Herediano,Puntarenas,54,28,19,46,54,57,43,Forebet,82.0,73.0,47.0,72
24/07/2026,6:00,FK Yenisey-2,Torpedo Vladimir,24,26,51,38,62,47,53,Forebet,50.0,75.0,77.0,62
24/07/2026,10:00,PP Ha Nam W,GT Thai Nguyen W,14,42,44,42,58,79,21,Forebet,56.0,58.0,86.0,94
24/07/2026,10:00,Ha Noi W,Ha Noi II W,75,17,8,18,82,49,51,Forebet,92.0,83.0,25.0,64
24/07/2026,10:00,Ho Chi Minh City W,Ho Chi Minh City II W,60,32,8,7,93,49,51,Forebet,92.0,68.0,40.0,64
24/07/2026,10:30,Manly United,Sydney Olympic,46,28,26,47,53,52,48,Forebet,74.0,72.0,54.0,67
24/07/2026,10:30,Heidelberg United,George Cross,41,34,25,47,53,61,39,Forebet,75.0,66.0,59.0,76
24/07/2026,10:30,Green Gully SC,Dandenong City,32,33,35,40,60,53,47,Forebet,65.0,67.0,68.0,68
24/07/2026,10:30,St Albans Saints,Hume City FC,23,24,53,35,65,70,30,Forebet,47.0,76.0,77.0,85
24/07/2026,10:30,NA Suruchi Sangha,Techno Aryan,57,34,9,87,13,21,79,Forebet,91.0,66.0,43.0,36
24/07/2026,10:30,Coal India,Rainbow,37,32,31,75,25,49,51,Forebet,69.0,68.0,63.0,64
24/07/2026,11:00,Almaz-Antey U19,Lokomotiv Moskva U19,12,41,47,18,82,86,14,Forebet,53.0,59.0,88.0,101
24/07/2026,11:00,Seoul W,Gumi Sportstoto W,32,37,30,58,42,51,49,Forebet,69.0,62.0,67.0,66
24/07/2026,11:00,Hwacheon KSPO W,Boeun Sangmu W,41,30,29,46,54,58,42,Forebet,71.0,70.0,59.0,73
24/07/2026,11:00,Gyeongju W,Changnyeong W,54,22,24,42,58,55,45,Forebet,76.0,78.0,46.0,70
24/07/2026,11:00,Suwon FMC W,Incheon Red Angels W,43,29,28,52,48,49,51,Forebet,72.0,71.0,57.0,64
24/07/2026,11:15,Oakleigh Cannons,South Melbourne,39,24,37,54,46,49,51,Forebet,63.0,76.0,61.0,64
24/07/2026,11:30,Preston Lions,Bentleigh Greens,52,34,14,50,50,55,45,Forebet,86.0,66.0,48.0,70
24/07/2026,11:30,Seoul E-Land,Cheonan City,50,28,23,39,61,64,36,Forebet,78.0,73.0,51.0,79
24/07/2026,11:30,Gimhae City,Cheongju FC,21,37,42,50,50,54,46,Forebet,58.0,63.0,79.0,69
24/07/2026,12:00,Yarud Mariupol,Viktoriya Mykolaivka,45,28,26,52,48,43,57,Forebet,73.0,71.0,54.0,58
24/07/2026,13:00,Yelimay II,FK Taraz,33,19,47,40,60,54,46,Forebet,52.0,80.0,66.0,69
24/07/2026,13:00,Nizhny Novgorod U19,Spartak Moskva U19,22,42,36,58,42,56,44,Forebet,64.0,58.0,78.0,71
24/07/2026,13:00,Akademiya Konoplev U20,Rostov U19,29,40,31,21,79,80,20,Forebet,69.0,60.0,71.0,95
24/07/2026,24/07/2026,Elman,Jeenyo,38,39,23,52,48,62,38,Forebet,77.0,61.0,62.0,77
24/07/2026,24/07/2026,Badbaado,Raadsan,42,33,25,42,58,81,19,Forebet,75.0,67.0,58.0,96
24/07/2026,24/07/2026,Ferroviário Nampula,UD Songo,24,36,40,32,68,70,30,Forebet,60.0,64.0,76.0,85
24/07/2026,14:00,PFK Aleksandriya,Niva Ternopil,48,25,26,50,50,37,63,Forebet,73.0,74.0,51.0,52
24/07/2026,14:00,Aktobe-Zhas,Kairat Almaty Akademiya,15,18,67,8,92,97,3,Forebet,33.0,82.0,85.0,112
24/07/2026,14:00,FC Shakhter,Arys,79,9,13,13,87,82,18,Forebet,88.0,92.0,22.0,97
24/07/2026,14:00,Gorila do Universo,Artilheiros,60,22,18,1,99,83,17,Forebet,82.0,78.0,40.0,98
24/07/2026,14:00,São Bento U20,Jabaquara U20,48,27,25,50,50,51,49,Forebet,75.0,73.0,52.0,66
24/07/2026,14:30,Bars,Asiagoal,61,29,10,1,99,75,25,Forebet,90.0,71.0,39.0,90
24/07/2026,15:00,Neftyanik Ufa,Zarya Lugansk,37,22,41,40,60,53,47,Forebet,59.0,78.0,63.0,68
24/07/2026,15:00,FK Tauras,Kauno Zalgiris-2,78,12,10,47,53,47,53,Forebet,90.0,88.0,22.0,62
24/07/2026,15:00,Chertanovo U20,Zenit U19,28,19,54,39,61,76,24,Forebet,47.0,82.0,73.0,91
24/07/2026,15:00,CSKA Moscow U19,Ural U19,69,18,14,33,67,49,51,Forebet,87.0,83.0,32.0,64
24/07/2026,15:00,Fakel U19,Rubin Kazan U19,40,33,27,39,61,65,35,Forebet,73.0,67.0,60.0,80
24/07/2026,15:30,Energetik-BGU,Dinamo Minsk II,33,26,41,20,80,92,8,Forebet,59.0,74.0,67.0,107
24/07/2026,15:30,OshMU-Aldier,Neftchi Kochkor-Ata,45,31,24,36,64,69,31,Forebet,76.0,69.0,55.0,84
24/07/2026,15:30,Muras United,Bishkek City,65,21,14,32,68,49,51,Forebet,86.0,79.0,35.0,64
24/07/2026,16:00,Tikves Kavadarci,Aresimi,45,22,33,29,71,74,26,Forebet,67.0,78.0,55.0,89
24/07/2026,16:00,Margveti 2006,Saburtalo,23,8,69,44,56,27,73,Forebet,31.0,92.0,77.0,42
24/07/2026,16:00,FC Turan,Tobol II,78,15,7,23,77,80,20,Forebet,93.0,85.0,22.0,95
24/07/2026,16:30,UTA Arad,Otelul Galati,23,22,55,46,54,60,40,Forebet,45.0,78.0,77.0,75
24/07/2026,16:30,FK Osipovichi,BATE II,27,29,44,25,75,65,35,Forebet,56.0,71.0,73.0,80
24/07/2026,16:30,HJS Akatemia,EBK Espoo,61,18,21,16,84,80,20,Forebet,79.0,82.0,39.0,95
24/07/2026,16:30,Kravare,Bospor Bohumín,21,12,67,12,88,63,37,Forebet,33.0,88.0,79.0,78
24/07/2026,16:45,Beroe Stara Zagora,Hebar Pazardzhik,33,24,43,46,54,53,47,Forebet,57.0,76.0,67.0,68
24/07/2026,17:00,Radomiak Radom,Wieczysta Kraków,38,32,30,70,30,49,51,Forebet,70.0,68.0,62.0,64
24/07/2026,17:00,FF Jaro,Seinajoen JK,35,41,25,59,41,54,46,Forebet,76.0,60.0,66.0,69
24/07/2026,17:00,Polonia Bytom,Warta Poznan,44,21,34,52,48,49,51,Forebet,65.0,78.0,55.0,64
24/07/2026,17:00,Hanácká Slavia Kroměříž,Taborsko,34,12,54,52,48,49,51,Forebet,46.0,88.0,66.0,64
24/07/2026,17:00,Dukla Praha,Arsenal Ceska Lipa,32,33,34,100,0,38,62,Forebet,65.0,66.0,67.0,53
24/07/2026,17:00,Usti nad Labem,SK Kladno,48,13,39,34,66,87,13,Forebet,61.0,87.0,52.0,102
24/07/2026,17:00,Jihlava,Viktoria Zizkov,40,24,35,43,57,55,45,Forebet,64.0,75.0,59.0,70
24/07/2026,17:00,SK Prostějov,Fotbal Trinec,30,36,34,60,40,63,37,Forebet,66.0,64.0,70.0,78
24/07/2026,17:00,Vejle BK,AB Gladsaxe,33,43,24,71,29,62,38,Forebet,76.0,57.0,67.0,77
24/07/2026,17:00,FA Siauliai,Hegelmann Litauen,31,41,28,56,44,51,49,Forebet,72.0,59.0,69.0,66
24/07/2026,17:00,Znicz Pruszkow,Resovia,39,22,38,41,59,58,42,Forebet,61.0,77.0,60.0,73
24/07/2026,17:00,PEPO,PuiU Helsinki,52,28,20,45,55,60,40,Forebet,80.0,72.0,48.0,75
24/07/2026,17:00,NJS Nurmijärvi,ÅIFK Turku,14,15,71,10,90,72,28,Forebet,29.0,85.0,86.0,87
24/07/2026,17:00,PPJ,Union Plaani,46,44,10,35,65,74,26,Forebet,90.0,56.0,54.0,89
24/07/2026,17:00,P-Iirot,Ilves 2,31,24,45,34,66,84,16,Forebet,55.0,76.0,69.0,99
24/07/2026,17:00,Strani,FC Vsetin,27,17,56,29,71,49,51,Forebet,44.0,83.0,73.0,64
24/07/2026,17:00,Tatran Všechovice,Hlubina,18,17,65,25,75,46,54,Forebet,35.0,83.0,82.0,61
24/07/2026,17:00,Schwaben Augsburg,TSV Buchbach,26,30,45,44,56,60,40,Forebet,56.0,71.0,75.0,75
24/07/2026,17:00,VfB Eichstätt,Illertissen,24,34,42,42,58,69,31,Forebet,58.0,66.0,76.0,84
24/07/2026,17:00,FC Jazz,TPV Tampere,31,35,34,60,40,52,48,Forebet,66.0,65.0,69.0,67
24/07/2026,17:00,Tampere Utd,Inter Turku II,59,17,24,5,95,86,14,Forebet,76.0,83.0,41.0,101
24/07/2026,17:00,Black Bulls Maputo,Ferroviário de Lichinga,30,50,20,60,40,51,49,Forebet,80.0,50.0,70.0,66
24/07/2026,17:00,Rodina Moscow U19,Krasnodar U19,37,19,44,25,75,92,8,Forebet,56.0,81.0,63.0,107
24/07/2026,17:00,Dinamo Moskva U19,Dinamo Makhachkala U19,65,24,11,15,85,49,51,Forebet,89.0,76.0,35.0,64
24/07/2026,17:30,FC Dornbirn,SV Ried,19,16,65,53,47,43,57,Forebet,35.0,84.0,81.0,58
24/07/2026,17:30,Wieselburg,WSG Tirol,13,24,63,44,56,49,51,Forebet,37.0,76.0,87.0,64
24/07/2026,17:30,Vilzing,1. FC Nurnberg II,42,17,40,28,72,76,24,Forebet,59.0,82.0,57.0,91
24/07/2026,17:30,Landsberg,Memmingen,29,30,41,48,52,66,34,Forebet,59.0,70.0,71.0,81
24/07/2026,17:30,Hankofen-Hailing,FC Ismaning,22,54,23,60,40,51,49,Forebet,76.0,45.0,77.0,66
24/07/2026,17:30,Landshut,Erlbach,19,34,47,63,37,27,73,Forebet,53.0,66.0,81.0,42
24/07/2026,18:00,CSKA Moscow,Baltika Kaliningrad,50,23,27,58,42,47,53,Forebet,73.0,77.0,50.0,62
24/07/2026,18:00,Vasteras SK FK,Örgryte IS,46,36,18,32,68,67,33,Forebet,82.0,64.0,54.0,82
24/07/2026,18:00,Viborg FF,Odense BK,39,24,37,40,60,70,30,Forebet,63.0,76.0,61.0,85
24/07/2026,18:00,AaB Aalborg,Hillerod,46,34,20,30,70,77,23,Forebet,80.0,66.0,54.0,92
24/07/2026,18:00,Lauterach,Wolfsberger AC,16,14,70,20,80,40,60,Forebet,30.0,86.0,84.0,55
24/07/2026,18:00,SV Lafnitz,Scheiblingkirchen,27,33,40,25,75,64,36,Forebet,60.0,67.0,73.0,79
24/07/2026,18:00,DSC,SKU Amstetten,29,22,49,23,77,58,42,Forebet,51.0,78.0,71.0,73
24/07/2026,18:00,Velden,Austria Klagenfurt,37,30,33,51,49,47,53,Forebet,67.0,70.0,63.0,62
24/07/2026,18:00,SV Leobendorf,SCR Altach,16,25,59,41,59,37,63,Forebet,41.0,75.0,84.0,52
24/07/2026,18:00,Tammeka Tartu,Zealot Sporting,76,11,13,1,99,26,74,Forebet,87.0,89.0,24.0,41
24/07/2026,18:00,Luckenwalde,Lokomotive Leipzig,21,23,56,44,56,49,51,Forebet,44.0,77.0,79.0,64
24/07/2026,18:00,RW Erfurt,BFC Dynamo,55,27,19,33,67,74,26,Forebet,82.0,74.0,46.0,89
24/07/2026,18:00,SpVgg Ansbach,Wacker Burghausen,43,24,33,47,53,62,38,Forebet,67.0,76.0,57.0,77
24/07/2026,18:00,Bayern Munchen II,SC Eltersdorf,59,15,26,13,87,86,14,Forebet,74.0,85.0,41.0,101
24/07/2026,18:00,SpVgg Bayreuth,FC Augsburg II,43,22,35,39,61,54,46,Forebet,65.0,78.0,57.0,69
24/07/2026,18:00,Kornburg,Ammerthal,24,30,46,42,58,51,49,Forebet,54.0,70.0,76.0,66
24/07/2026,18:00,SpVgg Weiden,Cham,18,23,59,43,57,49,51,Forebet,41.0,77.0,82.0,64
24/07/2026,18:00,DJK Gebenbach,Ingolstadt II,28,52,20,27,73,79,21,Forebet,80.0,48.0,72.0,94
24/07/2026,18:00,SV Heimstetten,Schwaig,28,59,13,60,40,64,36,Forebet,87.0,41.0,72.0,79
24/07/2026,18:00,1880 Wasserburg,Gundelfingen,41,27,31,47,53,51,49,Forebet,68.0,72.0,58.0,66
24/07/2026,18:15,HT 16,USC Paloma,57,9,34,40,60,49,51,Forebet,66.0,91.0,43.0,64
24/07/2026,18:30,Stade Lausanne Ouchy,FC Stade Nyonnais,53,24,23,35,65,65,35,Forebet,77.0,76.0,47.0,80
24/07/2026,18:30,Rapperswil,FC Wil,39,22,40,51,49,49,51,Forebet,61.0,79.0,62.0,64
24/07/2026,18:30,Neuchâtel Xamax,SC Kriens,49,19,32,40,60,60,40,Forebet,68.0,81.0,51.0,75
24/07/2026,18:30,Horn,Floridsdorfer AC,23,19,58,45,55,34,66,Forebet,42.0,81.0,77.0,49
24/07/2026,18:30,Tillmitsch,"St Polten
",22,19,59,32,68,40,60,Forebet,41.0,81.0,78.0,55
24/07/2026,18:30,Union Gurten,Blau Weiss Linz,31,16,53,42,58,36,64,Forebet,47.0,84.0,69.0,51
24/07/2026,18:30,FCM Traiskirchen,Bleiburg,38,30,32,39,61,58,42,Forebet,68.0,70.0,62.0,73
24/07/2026,18:30,Leoben,ASK Voitsberg,26,14,60,44,56,43,57,Forebet,40.0,86.0,74.0,58
24/07/2026,19:00,Nyiregyhaza,Ujpest FC,27,32,42,31,69,69,31,Forebet,59.0,69.0,74.0,84
24/07/2026,19:00,Volsungur,UMF Grindavik,19,43,38,1,99,68,32,Forebet,62.0,57.0,81.0,83
24/07/2026,19:00,Unión Minas Volcán,CNI Iquitos,21,61,18,77,23,24,76,Forebet,82.0,39.0,79.0,39
24/07/2026,19:00,Kimberley Mar del Plata,Circulo Deportivo,50,29,21,73,27,26,74,Forebet,79.0,71.0,50.0,41
24/07/2026,19:00,Sfera U20,Osasco Audax U20,42,13,45,23,77,85,15,Forebet,55.0,87.0,58.0,100
24/07/2026,19:00,Mauá U20,Flamengo SP U20,40,41,19,56,44,51,49,Forebet,81.0,59.0,60.0,66
24/07/2026,19:00,Guarani U20,Tanabi SP U20,64,22,14,38,62,49,51,Forebet,86.0,78.0,36.0,64
24/07/2026,19:00,Grêmio Prudente U20,XV de Jaú U20,35,16,49,1,99,82,18,Forebet,51.0,84.0,65.0,97
24/07/2026,19:00,Água Santa U20,Ituano U20,30,44,26,52,48,66,34,Forebet,74.0,56.0,70.0,81
24/07/2026,19:00,União São João U20,EC São Bernardo U20,36,31,33,77,23,28,72,Forebet,67.0,69.0,64.0,43
24/07/2026,19:00,Aguai U20,Bandeirante U20,42,30,27,80,20,25,75,Forebet,72.0,69.0,57.0,40
24/07/2026,19:00,Paulinense U20,São Caetano U20,42,30,28,80,20,34,66,Forebet,72.0,70.0,58.0,49
24/07/2026,19:00,Ibrachina U20,Velo Clube U20,40,35,25,53,47,50,50,Forebet,75.0,65.0,60.0,65
24/07/2026,19:00,Portuguesa Santista U20,Juventus U20,27,32,41,25,75,78,22,Forebet,59.0,68.0,73.0,93
24/07/2026,19:00,Ponte Preta U20,União Suzano U20,41,32,27,67,33,35,65,Forebet,73.0,68.0,59.0,50
24/07/2026,19:00,Sarmiento Res.,Godoy Cruz Res.,31,29,40,87,13,29,71,Forebet,60.0,71.0,69.0,44
24/07/2026,19:00,Argentinos Juniors Res.,Atlético Tucumán Res.,39,25,35,46,54,58,42,Forebet,64.0,74.0,60.0,73
24/07/2026,19:00,Thróttur Reykjavík W,ÍBV W,29,31,40,40,60,60,40,Forebet,60.0,69.0,71.0,75
24/07/2026,19:15,Arda Kardzhali,Slavia Sofia,28,52,19,58,42,39,61,Forebet,80.0,47.0,71.0,54
24/07/2026,19:15,FC Winterthur,Yverdon-Sport,24,27,49,36,64,73,27,Forebet,51.0,73.0,76.0,88
24/07/2026,19:15,Étoile Carouge,FC Aarau,25,20,55,35,65,72,28,Forebet,45.0,80.0,75.0,87
24/07/2026,19:30,Pogon Szczecin,Legia Warszawa,36,26,38,44,56,59,41,Forebet,62.0,74.0,64.0,74
24/07/2026,19:30,Arges Pitesti,Petrolul Ploiesti,24,27,48,58,42,37,63,Forebet,51.0,72.0,75.0,52
24/07/2026,19:30,Al Ahed Beirut,Al Ansar Club,19,21,61,51,49,49,51,Forebet,40.0,80.0,82.0,64
24/07/2026,19:30,Nejmeh Beirut,Jwaya,33,42,25,65,35,59,41,Forebet,75.0,58.0,67.0,74
24/07/2026,19:30,SV Seekirchen,Sturm Graz,12,17,71,22,78,74,26,Forebet,29.0,83.0,88.0,89
24/07/2026,19:45,Treaty United,Athlone Town,41,36,23,54,46,38,62,Forebet,77.0,64.0,59.0,53
24/07/2026,19:45,UCD Dublin,Cork City,22,28,50,66,34,49,51,Forebet,50.0,72.0,78.0,64
24/07/2026,19:45,Kerry,Finn Harps,40,38,22,52,48,40,60,Forebet,78.0,62.0,60.0,55
24/07/2026,19:45,Cobh Ramblers,Bray Wanderers,30,31,40,44,56,63,37,Forebet,61.0,70.0,71.0,78
24/07/2026,19:45,Glentoran BU W,Linfield W,46,27,28,14,86,95,5,Forebet,73.0,74.0,55.0,110
24/07/2026,19:45,Derry City W,Larne W,57,29,13,21,79,69,31,Forebet,86.0,70.0,42.0,84
24/07/2026,19:45,Craigavon City W,Bangor Ladies W,13,18,69,1,99,85,15,Forebet,31.0,82.0,87.0,100
24/07/2026,20:00,St Patricks Dublin,Dundalk FC,42,31,27,47,53,64,36,Forebet,73.0,69.0,58.0,79
24/07/2026,20:00,Odra Opole,Arka Gdynia,35,33,32,52,48,40,60,Forebet,68.0,67.0,65.0,55
24/07/2026,20:00,2 de Mayo,Club Rubio Ñu,35,41,24,58,42,51,49,Forebet,76.0,59.0,65.0,66
24/07/2026,20:00,El Nacional Quito,Gualaceo SC,23,38,39,54,46,32,68,Forebet,61.0,62.0,77.0,47
24/07/2026,20:00,Lisburn W,Cliftonville W,10,12,78,23,77,49,51,Forebet,22.0,88.0,90.0,64
24/07/2026,20:00,Crusaders Strikers W,Lisburn Rangers W,38,18,44,21,79,80,20,Forebet,56.0,82.0,62.0,95
24/07/2026,20:00,Ballard,Ventura C Fusion,36,18,46,20,80,94,6,Forebet,54.0,82.0,64.0,109
24/07/2026,20:15,UMF Njardvik,HK Kopavogur,36,21,42,26,74,82,18,Forebet,57.0,78.0,63.0,97
24/07/2026,20:15,Fjölnir,Haukar,27,26,47,27,73,87,13,Forebet,53.0,74.0,73.0,102
24/07/2026,20:45,Gimnasia Mendoza,Central Córdoba SdE,56,20,24,79,21,28,72,Forebet,76.0,80.0,44.0,43
24/07/2026,21:00,Vikingur Reykjavik,Keflavik IF,49,29,22,28,72,81,19,Forebet,78.0,71.0,51.0,96
24/07/2026,21:00,Alianza Atlético,Los Chankas,35,29,36,52,48,43,57,Forebet,64.0,71.0,65.0,58
24/07/2026,21:00,Hviti Riddarinn,Kári Akranes,17,48,35,52,48,67,33,Forebet,65.0,52.0,83.0,82
24/07/2026,21:15,Comerciantes,Alianza Huánuco,36,32,31,53,47,48,52,Forebet,68.0,67.0,63.0,63
24/07/2026,22:05,Deportes Quindío,Boca Juniors Cali,50,33,17,66,34,38,62,Forebet,83.0,67.0,50.0,53
24/07/2026,22:30,Cerro Porteño,Sportivo Trinidense,49,31,21,52,48,47,53,Forebet,80.0,70.0,52.0,62
24/07/2026,22:30,Deportivo Cuenca Juniors,Atlético JBG,18,60,23,92,8,51,49,Forebet,78.0,41.0,83.0,66
24/07/2026,23:00,Racing Club,Gimnasia La Plata,31,32,37,63,37,43,57,Forebet,63.0,68.0,69.0,58
24/07/2026,23:00,Vélez Sársfield,Instituto Córdoba,32,24,44,73,27,38,62,Forebet,56.0,76.0,68.0,53
24/07/2026,23:00,CA Torque,Danubio FC,37,34,29,42,58,59,41,Forebet,71.0,66.0,63.0,74
24/07/2026,23:00,Budapesti VSC,Kazincbarcikai SC,48,33,20,59,41,41,59,Forebet,81.0,68.0,53.0,56
24/07/2026,23:00,Wacker Innsbruck,SVG Reichenau,65,11,24,44,56,43,57,Forebet,76.0,89.0,35.0,58
24/07/2026,23:00,HFX Wanderers,Supra du Québec,34,28,39,7,93,69,31,Forebet,62.0,73.0,67.0,84
24/07/2026,23:00,América Mineiro W,Santos W,41,35,24,52,48,34,66,Forebet,76.0,65.0,59.0,49
24/07/2026,23:00,Flamengo W,Grêmio W,34,39,28,62,38,57,43,Forebet,73.0,62.0,67.0,72
24/07/2026,23:30,Vermont Green,Asheville City,35,32,33,60,40,49,51,Forebet,67.0,68.0,65.0,64
